{
    "metadata": {
        "title": "Sentiment percentages per generation"
    },
    "data": {
        "Baby Boomers": {
            "neutral": 45.76,
            "positive": 29.059999999999995,
            "negative": 10.31,
            "compound": 14.87
        },
        "Generation X": {
            "neutral": 50.36000000000001,
            "positive": 26.58,
            "compound": 12.64,
            "negative": 10.42
        },
        "Generation Y": {
            "negative": 10.491049104910493,
            "neutral": 47.574757475747575,
            "positive": 28.182818281828183,
            "compound": 13.751375137513753
        },
        "Generation Z": {
            "neutral": 47.54524547545246,
            "positive": 27.987201279872014,
            "compound": 14.128587141285873,
            "negative": 10.338966103389662
        }
    }
}
